<?xml version="1.0" encoding="UTF-8"?>
<!DOCTYPE suite SYSTEM "http://testng.org/testng-1.0.dtd">
<suite name="Suite">
  <test thread-count="5" name="Test">
  
  <parameter name="Browser" value="Firefox"> </parameter>
  <parameter name="URL" value="https://app.tryloop.ai/"> </parameter>
  <parameter name="Uname" value="qa-engineer-assignment@test.com"> </parameter>
  <parameter name="pwd" value="QApassword123$"></parameter>
    <classes>
      <class name="TC.tc"/>
    </classes>
  
  
  </test> <!-- Test -->
</suite> <!-- Suite -->
